-- phpMyAdmin SQL Dump
-- version 4.5.4.1deb2ubuntu2
-- http://www.phpmyadmin.net
--
-- Host: localhost
-- Generation Time: Jun 13, 2018 at 01:02 PM
-- Server version: 5.7.22-0ubuntu0.16.04.1
-- PHP Version: 7.0.28-0ubuntu0.16.04.1

SET SQL_MODE = "NO_AUTO_VALUE_ON_ZERO";
SET time_zone = "+00:00";


/*!40101 SET @OLD_CHARACTER_SET_CLIENT=@@CHARACTER_SET_CLIENT */;
/*!40101 SET @OLD_CHARACTER_SET_RESULTS=@@CHARACTER_SET_RESULTS */;
/*!40101 SET @OLD_COLLATION_CONNECTION=@@COLLATION_CONNECTION */;
/*!40101 SET NAMES utf8mb4 */;

--
-- Database: `onlinebookstore`
--

-- --------------------------------------------------------

--
-- Table structure for table `books`
--

CREATE TABLE `books` (
  `book_id` int(11) NOT NULL,
  `book_name` varchar(255) NOT NULL,
  `book_author` varchar(255) NOT NULL,
  `book_language` varchar(255) NOT NULL,
  `book_publisher` varchar(255) NOT NULL,
  `book_category` varchar(255) NOT NULL,
  `book_price` int(11) NOT NULL,
  `book_img` varchar(255) NOT NULL
) ENGINE=InnoDB DEFAULT CHARSET=latin1;

--
-- Dumping data for table `books`
--

INSERT INTO `books` (`book_id`, `book_name`, `book_author`, `book_language`, `book_publisher`, `book_category`, `book_price`, `book_img`) VALUES
(11, 'The DaVinci Code', 'Dan Brown', 'English', 'Doubleday', 'Mystery', 200, 'img1.jpg'),
(12, 'Angels & Demons', 'Dan Brown', 'English', 'Doubleday', 'Fantasy', 200, 'img2.jpg'),
(14, 'The Lost Symbol', 'Dan Brown', 'English', 'Doubleday', 'Mystery', 150, 'img4.jpeg'),
(15, 'THE ABC MURDERERS', 'Agatha Christie', 'English', 'Collins Crime Club ', 'Mystery', 250, 'download.jpeg'),
(16, 'Murder on the Orient Express', 'Agatha Christie', 'English', 'Collins Crime Club ', 'Crime', 150, 'img5.jpeg'),
(17, 'And Then There Were None', 'Agatha Christie', 'English', 'Collins Crime Club ', 'Mystery', 225, 'img6.jpeg'),
(18, 'THE ALCHEMIST', 'Paulo Coelho', 'Portuguese', 'HarperTorch ', 'Fantasy', 240, 'img7.jpeg'),
(19, 'The Winner Stands Alone', 'Paulo Coelho', 'Portuguese', 'Collins Crime Club ', 'Noval', 225, 'img8.jpeg'),
(20, 'IT', 'Stephen King', 'English', 'Viking Press', 'Horror', 300, 'img9.jpg'),
(21, 'The Stand', 'Stephen King', 'English', 'Doubleday', 'Fantasy', 275, 'img10.jpg'),
(22, 'The Oustsider', 'Stephen King', 'English', 'Doubleday', 'Horror', 250, 'img11.jpeg'),
(23, 'Flash Boys', 'Michael Lewis', 'English', 'WW Norton & Company', 'Finance', 350, 'img12.jpeg'),
(24, 'Rich Dad Poor Dad', 'Robert Kiyosaki', 'English', 'Warner Books Ed', 'Finance', 250, 'img13.jpeg'),
(31, 'The Godfather', 'Mario Puzo', 'English', 'Collins Crime Club ', 'Crime', 275, 'img14.jpg'),
(33, 'The Sherlock Holmes', 'Arthur Conan Doyle', 'English', 'MM Publishers', 'Mystery', 200, 'img16.jpeg');

-- --------------------------------------------------------

--
-- Table structure for table `cart`
--

CREATE TABLE `cart` (
  `cart_id` int(11) NOT NULL,
  `user_id` int(11) NOT NULL,
  `status` int(11) NOT NULL
) ENGINE=InnoDB DEFAULT CHARSET=latin1;

--
-- Dumping data for table `cart`
--

INSERT INTO `cart` (`cart_id`, `user_id`, `status`) VALUES
(280, 32, 1),
(297, 86, 1),
(298, 86, 1),
(299, 88, 1),
(300, 88, 1),
(301, 32, 1),
(302, 83, 1),
(303, 32, 1),
(305, 90, 1),
(306, 90, 1),
(307, 91, 1),
(308, 32, 1),
(310, 32, 1),
(311, 32, 1),
(312, 104, 0),
(313, 32, 1),
(314, 32, 1),
(315, 32, 1),
(316, 32, 1),
(317, 32, 1),
(318, 32, 1),
(319, 106, 1),
(320, 106, 1),
(321, 83, 1),
(322, 83, 1),
(323, 83, 1),
(324, 83, 1),
(325, 83, 1),
(326, 83, 1),
(327, 83, 1),
(328, 83, 1),
(329, 83, 1),
(330, 83, 1),
(331, 83, 1),
(332, 83, 0),
(333, 88, 0),
(334, 120, 1),
(335, 118, 1),
(336, 118, 1),
(337, 118, 1),
(338, 118, 1),
(339, 118, 1),
(340, 118, 1),
(341, 118, 1),
(342, 118, 1),
(343, 118, 1),
(344, 118, 1),
(345, 118, 1),
(346, 118, 1),
(347, 118, 1),
(348, 118, 1),
(349, 118, 1),
(350, 118, 1),
(351, 118, 1),
(352, 118, 1),
(353, 118, 1),
(354, 118, 1),
(355, 118, 1),
(356, 118, 1),
(357, 122, 1),
(358, 122, 1),
(359, 122, 0),
(362, 118, 1),
(363, 118, 1),
(364, 118, 1),
(365, 124, 1),
(366, 118, 1),
(367, 118, 1),
(368, 118, 1),
(369, 118, 1),
(370, 118, 1),
(371, 118, 1),
(372, 118, 1),
(373, 118, 1),
(374, 118, 1),
(375, 118, 1),
(376, 118, 1),
(377, 118, 1),
(378, 118, 1),
(379, 118, 1),
(380, 118, 1),
(381, 118, 1),
(382, 118, 1),
(383, 118, 1),
(384, 118, 1),
(385, 118, 1),
(386, 118, 1),
(387, 118, 1),
(388, 128, 1),
(389, 128, 1),
(390, 129, 1),
(391, 129, 1),
(392, 124, 0),
(393, 131, 1),
(394, 132, 0),
(395, 131, 0),
(396, 133, 1),
(397, 134, 1),
(399, 118, 1),
(400, 118, 1),
(401, 118, 1),
(402, 118, 1),
(403, 118, 1),
(404, 134, 1),
(405, 134, 1),
(406, 118, 1),
(408, 118, 1),
(409, 134, 1),
(410, 134, 1),
(411, 134, 1),
(412, 134, 1),
(413, 134, 1),
(414, 134, 1),
(415, 134, 1),
(416, 134, 1),
(417, 134, 1),
(418, 134, 1),
(419, 134, 1),
(420, 134, 1),
(421, 134, 1),
(422, 134, 1),
(423, 118, 1),
(424, 134, 1),
(425, 134, 1),
(426, 134, 1),
(427, 134, 1),
(428, 134, 1),
(429, 134, 1),
(430, 134, 1),
(431, 134, 1),
(432, 134, 1),
(433, 134, 1),
(434, 134, 1),
(435, 134, 1),
(436, 118, 1),
(437, 118, 1),
(438, 118, 1),
(439, 118, 1),
(440, 134, 1),
(441, 134, 0),
(452, 138, 1),
(453, 138, 1),
(454, 138, 1),
(455, 138, 0),
(456, 118, 1),
(457, 118, 0);

-- --------------------------------------------------------

--
-- Table structure for table `cart_data`
--

CREATE TABLE `cart_data` (
  `cart_id` int(11) NOT NULL,
  `book_id` int(11) NOT NULL,
  `quantity` int(11) NOT NULL
) ENGINE=InnoDB DEFAULT CHARSET=latin1;

--
-- Dumping data for table `cart_data`
--

INSERT INTO `cart_data` (`cart_id`, `book_id`, `quantity`) VALUES
(297, 11, 3),
(297, 14, 24),
(298, 12, 8),
(299, 11, 5),
(299, 12, 4),
(300, 14, 10),
(301, 22, 3),
(302, 11, 1),
(302, 11, 1),
(302, 11, 1),
(303, 16, 2),
(303, 21, 2),
(305, 11, 2),
(305, 12, 2),
(306, 19, 2),
(306, 20, 1),
(307, 12, 1),
(307, 17, 2),
(307, 21, 3),
(308, 11, 1),
(308, 15, 1),
(308, 12, 1),
(310, 12, 1),
(310, 17, 1),
(312, 12, 1),
(312, 12, 1),
(312, 12, 1),
(312, 14, 1),
(312, 21, 1),
(311, 11, 3),
(313, 12, 3),
(313, 12, 3),
(314, 14, 3),
(315, 12, 1),
(315, 19, 1),
(316, 12, 1),
(316, 14, 2),
(317, 18, 2),
(317, 19, 1),
(318, 12, 2),
(318, 15, 3),
(302, 14, 3),
(319, 12, 2),
(319, 15, 2),
(320, 23, 2),
(320, 24, 2),
(321, 12, 1),
(321, 19, 4),
(322, 15, 3),
(322, 16, 5),
(323, 20, 2),
(323, 24, 4),
(324, 23, 3),
(324, 24, 3),
(325, 22, 3),
(325, 23, 2),
(326, 19, 1),
(326, 20, 1),
(327, 20, 3),
(327, 19, 4),
(328, 19, 1),
(328, 15, 1),
(329, 18, 1),
(329, 20, 1),
(330, 19, 1),
(330, 26, 1),
(331, 19, 1),
(331, 26, 1),
(332, 12, 1),
(332, 14, 1),
(333, 14, 3),
(334, 12, 2),
(334, 19, 2),
(335, 12, 3),
(335, 14, 5),
(335, 15, 6),
(336, 12, 5),
(337, 14, 1),
(337, 24, 1),
(337, 26, 1),
(338, 24, 1),
(338, 12, 1),
(339, 11, 3),
(340, 23, 3),
(341, 12, 3),
(341, 19, 2),
(341, 27, 2),
(342, 12, 1),
(343, 19, 1),
(344, 20, 1),
(345, 24, 1),
(346, 19, 1),
(347, 20, 1),
(348, 14, 1),
(349, 14, 1),
(350, 12, 1),
(351, 20, 1),
(352, 12, 1),
(353, 18, 1),
(354, 19, 1),
(355, 12, 1),
(356, 19, 2),
(356, 21, 2),
(356, 19, 2),
(356, 21, 2),
(357, 12, 2),
(357, 14, 4),
(358, 15, 1),
(358, 16, 3),
(362, 28, 2),
(362, 27, 2),
(363, 12, 2),
(363, 17, 2),
(364, 14, 1),
(364, 15, 1),
(365, 12, 2),
(365, 16, 2),
(366, 14, 1),
(366, 15, 1),
(367, 14, 1),
(367, 15, 1),
(368, 15, 8),
(369, 12, 1),
(370, 17, 3),
(371, 12, 3),
(372, 21, 3),
(373, 17, 10),
(374, 19, 3),
(375, 17, 3),
(376, 19, 3),
(376, 24, 3),
(377, 11, 2),
(377, 12, 2),
(378, 22, 2),
(378, 28, 2),
(379, 12, 3),
(379, 14, 1),
(380, 20, 2),
(380, 16, 3),
(381, 21, 5),
(381, 19, 4),
(382, 12, 6),
(382, 18, 7),
(383, 14, 3),
(383, 15, 3),
(384, 12, 3),
(384, 14, 3),
(385, 12, 3),
(385, 14, 3),
(386, 14, 4),
(386, 20, 5),
(387, 12, 2),
(387, 14, 2),
(388, 20, 2),
(388, 19, 2),
(389, 18, 3),
(389, 18, 3),
(389, 20, 3),
(390, 11, 2),
(390, 12, 2),
(391, 15, 1),
(391, 16, 2),
(391, 18, 3),
(392, 12, 1),
(392, 12, 1),
(392, 14, 1),
(393, 11, 2),
(395, 11, 1),
(395, 12, 1),
(394, 12, 1),
(394, 14, 1),
(394, 15, 1),
(395, 14, 1),
(396, 12, 2),
(396, 14, 2),
(397, 12, 2),
(399, 12, 1),
(399, 11, 3),
(400, 12, 1),
(401, 14, 1),
(401, 15, 1),
(402, 12, 2),
(402, 11, 2),
(402, 15, 2),
(403, 12, 2),
(403, 14, 2),
(404, 11, 1),
(404, 12, 1),
(405, 12, 1),
(405, 14, 1),
(406, 12, 1),
(406, 15, 1),
(406, 16, 1),
(408, 12, 3),
(408, 14, 3),
(409, 20, 3),
(409, 11, 3),
(410, 12, 2),
(410, 14, 2),
(411, 11, 1),
(411, 12, 1),
(412, 12, 1),
(412, 14, 1),
(413, 12, 1),
(413, 14, 1),
(414, 12, 6),
(414, 14, 8),
(414, 21, 6),
(415, 12, 7),
(415, 15, 8),
(416, 18, 4),
(416, 20, 2),
(417, 11, 1),
(417, 12, 1),
(418, 17, 1),
(418, 14, 1),
(419, 15, 1),
(419, 16, 1),
(420, 15, 1),
(420, 14, 1),
(421, 12, 1),
(421, 14, 1),
(422, 12, 1),
(422, 14, 1),
(423, 11, 1),
(423, 12, 3),
(424, 11, 1),
(424, 12, 1),
(425, 12, 1),
(425, 14, 1),
(426, 12, 1),
(426, 14, 1),
(427, 12, 2),
(427, 14, 2),
(428, 14, 1),
(428, 15, 1),
(429, 12, 1),
(429, 14, 1),
(430, 12, 1),
(430, 14, 1),
(431, 14, 1),
(431, 15, 1),
(432, 14, 1),
(432, 15, 1),
(433, 18, 1),
(433, 19, 1),
(434, 17, 2),
(434, 22, 2),
(435, 11, 1),
(435, 12, 1),
(436, 12, 1),
(436, 11, 1),
(437, 19, 1),
(437, 20, 1),
(438, 17, 1),
(438, 18, 1),
(439, 14, 1),
(439, 15, 1),
(440, 12, 3),
(440, 21, 3),
(441, 19, 1),
(439, 12, 1),
(452, 12, 1),
(452, 14, 1),
(452, 15, 1),
(453, 15, 1),
(453, 21, 1),
(453, 19, 1),
(454, 12, 1),
(454, 16, 1),
(455, 14, 1),
(455, 15, 1),
(439, 11, 1),
(439, 12, 1),
(456, 15, 2),
(456, 16, 2),
(457, 19, 1);

-- --------------------------------------------------------

--
-- Table structure for table `categories`
--

CREATE TABLE `categories` (
  `cat_id` int(11) NOT NULL,
  `book_category` varchar(255) NOT NULL
) ENGINE=InnoDB DEFAULT CHARSET=latin1;

--
-- Dumping data for table `categories`
--

INSERT INTO `categories` (`cat_id`, `book_category`) VALUES
(14, 'Horror'),
(15, 'Crime'),
(16, 'Finance'),
(17, 'Drama'),
(22, 'Mystery'),
(29, 'History');

-- --------------------------------------------------------

--
-- Table structure for table `order_table`
--

CREATE TABLE `order_table` (
  `order_id` int(11) NOT NULL,
  `cart_id` int(11) NOT NULL,
  `address` varchar(255) NOT NULL,
  `amount` int(11) NOT NULL,
  `odate` timestamp NOT NULL DEFAULT CURRENT_TIMESTAMP ON UPDATE CURRENT_TIMESTAMP
) ENGINE=InnoDB DEFAULT CHARSET=latin1;

--
-- Dumping data for table `order_table`
--

INSERT INTO `order_table` (`order_id`, `cart_id`, `address`, `amount`, `odate`) VALUES
(41, 297, 'mumbai', 3750, '2018-05-25 09:41:07'),
(42, 298, 'delhi', 1600, '2018-05-25 09:41:40'),
(43, 299, 'ghatkopar', 2050, '2018-05-25 14:28:13'),
(44, 300, 'mumbai', 1250, '2018-05-25 14:30:40'),
(45, 301, 'vasai', 750, '2018-05-25 15:35:42'),
(46, 303, 'Thane', 850, '2018-05-26 06:05:09'),
(47, 305, 'Palava', 900, '2018-05-26 07:55:01'),
(48, 306, 'vasai', 750, '2018-05-26 07:56:10'),
(49, 307, 'Santacruz', 1475, '2018-05-26 11:13:17'),
(51, 308, 'mumbai', 700, '2018-05-28 06:31:32'),
(52, 310, 'Pune', 425, '2018-05-28 07:43:59'),
(53, 311, 'Palava', 750, '2018-05-28 09:45:55'),
(54, 311, 'Palava', 750, '2018-05-28 09:45:55'),
(55, 313, 'delhi', 600, '2018-05-28 09:46:42'),
(56, 313, 'delhi', 600, '2018-05-28 09:46:42'),
(57, 313, 'mumbai', 600, '2018-05-28 10:03:55'),
(58, 313, 'mumbai', 600, '2018-05-28 10:03:55'),
(59, 314, 'abcd', 450, '2018-05-28 10:06:59'),
(60, 314, 'abcd', 450, '2018-05-28 10:06:59'),
(61, 314, 'mumbai', 450, '2018-05-28 10:07:55'),
(62, 314, 'mumbai', 450, '2018-05-28 10:07:55'),
(63, 314, 'mumbai', 450, '2018-05-28 10:08:44'),
(64, 314, 'mumbai', 450, '2018-05-28 10:08:44'),
(65, 314, 'mumbai', 450, '2018-05-28 10:10:00'),
(66, 314, 'mumbai', 450, '2018-05-28 10:10:00'),
(67, 314, 'mumbai', 450, '2018-05-28 10:10:24'),
(68, 314, 'mumbai', 450, '2018-05-28 10:10:24'),
(69, 314, 'mumbai', 450, '2018-05-28 10:10:27'),
(70, 314, 'mumbai', 450, '2018-05-28 10:10:27'),
(71, 314, 'mumbai', 450, '2018-05-28 10:10:48'),
(72, 314, 'mumbai', 450, '2018-05-28 10:10:48'),
(73, 314, 'mumbai', 450, '2018-05-28 10:11:19'),
(74, 314, 'mumbai', 450, '2018-05-28 10:11:19'),
(75, 315, 'Palava', 425, '2018-05-28 10:12:46'),
(76, 315, 'Palava', 425, '2018-05-28 10:12:46'),
(77, 315, 'Palava', 425, '2018-05-28 10:13:41'),
(78, 315, 'Palava', 425, '2018-05-28 10:13:41'),
(79, 315, 'Palava', 425, '2018-05-28 10:15:02'),
(80, 315, 'Palava', 425, '2018-05-28 10:15:02'),
(81, 315, 'mumbai', 425, '2018-05-28 10:15:52'),
(82, 315, 'mumbai', 425, '2018-05-28 10:15:52'),
(83, 315, 'mumbai', 425, '2018-05-28 10:17:04'),
(84, 315, 'mumbai', 425, '2018-05-28 10:17:04'),
(85, 315, 'mumbai', 425, '2018-05-28 10:27:36'),
(86, 315, 'mumbai', 425, '2018-05-28 10:27:37'),
(87, 316, 'mumbai', 500, '2018-05-28 10:28:04'),
(88, 316, 'mumbai', 500, '2018-05-28 10:28:04'),
(89, 316, 'mumbai', 500, '2018-05-28 10:29:27'),
(90, 316, 'mumbai', 500, '2018-05-28 10:29:27'),
(91, 316, 'mumbai', 500, '2018-05-28 10:30:20'),
(92, 316, 'mumbai', 500, '2018-05-28 10:30:20'),
(93, 316, 'mumbai', 500, '2018-05-28 10:34:43'),
(94, 316, 'mumbai', 500, '2018-05-28 10:34:43'),
(95, 316, 'mumbai', 500, '2018-05-28 10:41:12'),
(96, 316, 'mumbai', 500, '2018-05-28 10:41:12'),
(97, 316, 'mumbai', 500, '2018-05-28 10:41:37'),
(98, 316, 'mumbai', 500, '2018-05-28 10:41:37'),
(99, 316, 'mumbai', 500, '2018-05-28 10:41:55'),
(100, 316, 'mumbai', 500, '2018-05-28 10:41:55'),
(101, 316, 'mumbai', 500, '2018-05-28 10:42:12'),
(102, 316, 'mumbai', 500, '2018-05-28 10:42:12'),
(103, 316, 'mumbai', 500, '2018-05-28 10:42:43'),
(104, 316, 'mumbai', 500, '2018-05-28 10:42:43'),
(105, 316, 'mumbai', 500, '2018-05-28 10:42:53'),
(106, 316, 'mumbai', 500, '2018-05-28 10:42:53'),
(107, 316, 'mumbai', 500, '2018-05-28 10:43:21'),
(108, 316, 'mumbai', 500, '2018-05-28 10:43:21'),
(109, 316, 'mumbai', 500, '2018-05-28 10:43:57'),
(110, 316, 'mumbai', 500, '2018-05-28 10:43:57'),
(111, 316, 'mumbai', 500, '2018-05-28 10:44:13'),
(112, 316, 'mumbai', 500, '2018-05-28 10:44:13'),
(113, 316, 'mumbai', 500, '2018-05-28 10:44:46'),
(114, 316, 'mumbai', 500, '2018-05-28 10:44:46'),
(115, 317, 'gbfgvhb', 705, '2018-05-28 10:59:01'),
(116, 317, 'gbfgvhb', 705, '2018-05-28 10:59:01'),
(117, 318, 'vasai', 1150, '2018-05-28 11:01:09'),
(118, 318, 'vasai', 1150, '2018-05-28 11:01:09'),
(119, 318, 'vasai', 1150, '2018-05-28 11:02:19'),
(120, 318, 'vasai', 1150, '2018-05-28 11:02:19'),
(121, 318, 'vasai', 1150, '2018-05-28 11:02:40'),
(122, 318, 'vasai', 1150, '2018-05-28 11:02:40'),
(123, 318, 'vasai', 1150, '2018-05-28 11:03:53'),
(124, 318, 'vasai', 1150, '2018-05-28 11:03:53'),
(125, 318, 'vasai', 1150, '2018-05-28 11:04:37'),
(126, 318, 'vasai', 1150, '2018-05-28 11:04:37'),
(127, 318, 'vasai', 1150, '2018-05-28 11:04:50'),
(128, 318, 'vasai', 1150, '2018-05-28 11:04:50'),
(129, 318, 'vasai', 1150, '2018-05-28 11:05:22'),
(130, 318, 'vasai', 1150, '2018-05-28 11:05:22'),
(131, 318, 'vasai', 1150, '2018-05-28 11:06:13'),
(132, 318, 'vasai', 1150, '2018-05-28 11:06:13'),
(133, 318, 'vasai', 1150, '2018-05-28 11:06:59'),
(134, 318, 'vasai', 1150, '2018-05-28 11:06:59'),
(135, 318, 'vasai', 1150, '2018-05-28 11:09:46'),
(136, 318, 'vasai', 1150, '2018-05-28 11:09:46'),
(137, 318, 'vasai', 1150, '2018-05-28 11:10:14'),
(138, 318, 'vasai', 1150, '2018-05-28 11:10:14'),
(139, 318, 'vasai', 1150, '2018-05-28 11:10:19'),
(140, 318, 'vasai', 1150, '2018-05-28 11:10:19'),
(141, 318, 'vasai', 1150, '2018-05-28 11:10:23'),
(142, 318, 'vasai', 1150, '2018-05-28 11:10:23'),
(143, 318, 'vasai', 1150, '2018-05-28 11:10:48'),
(144, 318, 'vasai', 1150, '2018-05-28 11:10:48'),
(145, 318, 'vasai', 1150, '2018-05-28 11:11:29'),
(146, 318, 'vasai', 1150, '2018-05-28 11:11:29'),
(147, 318, 'vasai', 1150, '2018-05-28 11:12:22'),
(148, 318, 'vasai', 1150, '2018-05-28 11:12:22'),
(149, 318, 'vasai', 1150, '2018-05-28 11:12:38'),
(150, 318, 'vasai', 1150, '2018-05-28 11:12:38'),
(151, 318, 'vasai', 1150, '2018-05-28 11:15:10'),
(152, 318, 'vasai', 1150, '2018-05-28 11:15:10'),
(153, 302, 'mumbai', 700, '2018-05-28 13:49:16'),
(154, 302, 'mumbai', 700, '2018-05-28 13:49:16'),
(155, 302, 'mumbai', 700, '2018-05-28 13:50:24'),
(156, 302, 'mumbai', 700, '2018-05-28 13:50:24'),
(157, 319, 'mumbai', 900, '2018-05-28 13:52:25'),
(158, 319, 'mumbai', 900, '2018-05-28 13:52:25'),
(159, 320, 'vasai', 1200, '2018-05-28 13:53:04'),
(160, 320, 'vasai', 1200, '2018-05-28 13:53:04'),
(161, 321, 'chandivali', 1100, '2018-05-28 14:19:53'),
(162, 321, 'chandivali', 1100, '2018-05-28 14:19:53'),
(163, 322, 'Hyderabad', 1500, '2018-05-28 14:27:39'),
(164, 323, 'Banglore', 1600, '2018-05-28 14:28:50'),
(165, 323, 'Banglore', 1600, '2018-05-28 14:28:50'),
(166, 324, 'Delhi', 1800, '2018-05-28 14:30:07'),
(167, 324, 'Delhi', 1800, '2018-05-28 14:30:07'),
(168, 325, 'London', 1450, '2018-05-28 14:32:18'),
(169, 325, 'London', 1450, '2018-05-28 14:32:18'),
(170, 326, 'Pune', 525, '2018-05-28 14:33:31'),
(171, 326, 'Pune', 525, '2018-05-28 14:33:32'),
(172, 327, 'Nagar', 1800, '2018-05-28 14:34:25'),
(173, 327, 'Nagar', 1800, '2018-05-28 14:34:25'),
(174, 328, 'Andheri', 475, '2018-05-28 14:35:43'),
(175, 328, 'Andheri', 475, '2018-05-28 14:35:43'),
(176, 329, 'Mulund', 540, '2018-05-28 14:36:25'),
(177, 329, 'Mulund', 540, '2018-05-28 14:36:25'),
(178, 330, 'Saki Naka', 475, '2018-05-28 14:37:21'),
(179, 331, 'Virar', 475, '2018-05-28 14:37:59'),
(180, 334, 'mumbai', 850, '2018-05-28 15:19:40'),
(181, 335, 'Cochin', 2850, '2018-05-28 15:32:28'),
(182, 336, 'Nagpur', 1000, '2018-05-28 16:14:04'),
(183, 337, 'Male', 650, '2018-05-28 16:35:51'),
(184, 338, 'Santacruz', 450, '2018-05-28 16:37:33'),
(185, 339, 'mumbai', 750, '2018-05-29 04:35:03'),
(186, 340, 'Palava', 1050, '2018-05-29 04:35:39'),
(187, 341, 'mumbai', 1650, '2018-05-29 07:23:44'),
(188, 342, 'mumbai', 200, '2018-05-29 07:46:20'),
(189, 342, 'mumbai', 200, '2018-05-29 07:46:46'),
(190, 343, 'vasai', 225, '2018-05-29 07:47:04'),
(191, 344, 'Palava', 300, '2018-05-29 07:52:04'),
(192, 345, 'edwed', 250, '2018-05-29 07:52:53'),
(193, 345, 'mumbai', 250, '2018-05-29 07:56:47'),
(194, 346, 'vasai', 225, '2018-05-29 07:57:06'),
(195, 346, 'delhi', 225, '2018-05-29 07:57:35'),
(196, 346, 'mumbai', 225, '2018-05-29 07:57:55'),
(197, 346, 'mumbai', 225, '2018-05-29 07:58:49'),
(198, 347, 'mumbai', 300, '2018-05-29 07:59:05'),
(199, 348, 'delhi', 150, '2018-05-29 08:00:01'),
(200, 349, 'vasai', 150, '2018-05-29 08:01:21'),
(201, 349, 'mumbai', 150, '2018-05-29 08:01:52'),
(202, 349, 'mumbai', 150, '2018-05-29 08:02:41'),
(203, 350, 'Palava', 200, '2018-05-29 08:03:48'),
(204, 351, 'edwed', 300, '2018-05-29 08:09:42'),
(205, 351, 'edwed', 300, '2018-05-29 08:11:12'),
(206, 351, 'edwed', 300, '2018-05-29 08:11:14'),
(207, 351, 'edwed', 300, '2018-05-29 08:12:00'),
(208, 351, 'edwed', 300, '2018-05-29 08:12:19'),
(209, 352, 'Palava', 200, '2018-05-29 08:12:55'),
(210, 352, 'Palava', 200, '2018-05-29 08:13:40'),
(211, 353, 'mumbai', 240, '2018-05-29 08:14:06'),
(212, 353, 'mumbai', 240, '2018-05-29 08:14:26'),
(213, 354, 'Palava', 225, '2018-05-29 08:17:53'),
(214, 355, 'Palava', 200, '2018-05-29 08:18:26'),
(215, 357, 'QSWQ', 1000, '2018-05-29 09:23:57'),
(216, 358, 'asxad', 700, '2018-05-29 09:29:41'),
(219, 356, 'mumbai', 1000, '2018-05-29 11:15:42'),
(221, 362, 'delhi', 1000, '2018-05-29 11:23:05'),
(222, 363, 'vasai', 850, '2018-05-29 11:31:12'),
(223, 365, 'Santacruz', 700, '2018-05-29 12:24:06'),
(224, 364, 'vasai', 400, '2018-05-29 12:37:22'),
(225, 366, 'delhi', 400, '2018-05-29 13:02:39'),
(226, 367, 'Nagpur', 400, '2018-05-29 13:07:33'),
(227, 368, 'Kolkata', 2000, '2018-05-29 13:09:36'),
(228, 369, 'dfsdfds', 200, '2018-05-29 13:11:24'),
(229, 370, 'edwed', 675, '2018-05-29 13:20:04'),
(230, 371, 'delhi', 600, '2018-05-29 13:21:22'),
(231, 372, 'Thane', 825, '2018-05-29 13:22:08'),
(232, 373, 'chandivali', 2250, '2018-05-29 13:23:58'),
(233, 374, 'delhi', 675, '2018-05-29 13:29:40'),
(234, 375, 'Banglore', 675, '2018-05-29 13:31:03'),
(235, 376, 'delhi', 1425, '2018-05-29 13:33:50'),
(236, 377, 'bbm,', 900, '2018-05-29 13:35:48'),
(237, 378, 'Gangakhed', 900, '2018-05-29 13:42:15'),
(238, 379, 'Gangakhed', 750, '2018-05-29 13:44:35'),
(239, 380, 'mumbai', 1050, '2018-05-29 13:52:50'),
(240, 380, 'mumbai', 1050, '2018-05-29 13:53:15'),
(241, 380, 'mumbai', 1050, '2018-05-29 13:54:00'),
(242, 380, 'mumbai', 1050, '2018-05-29 13:55:11'),
(243, 381, 'Kings landing', 2275, '2018-05-29 13:58:08'),
(244, 382, 'Winterfell', 2880, '2018-05-29 13:59:21'),
(245, 383, 'Dombivli', 1200, '2018-05-29 14:04:36'),
(246, 384, 'mumbai', 1050, '2018-05-29 14:14:44'),
(247, 385, 'edwed', 1050, '2018-05-29 14:59:20'),
(248, 386, 'Powai', 2100, '2018-05-29 15:15:53'),
(249, 387, 'vasai', 700, '2018-05-30 04:50:09'),
(250, 388, 'Palava', 1050, '2018-05-30 07:06:13'),
(251, 389, 'Amritsar', 1620, '2018-05-30 07:18:26'),
(252, 390, 'Dadar', 800, '2018-05-30 07:46:21'),
(253, 391, 'Dadar', 1270, '2018-05-30 07:57:22'),
(254, 393, 'mumbai', 400, '2018-05-30 09:34:19'),
(255, 396, 'Delhi', 700, '2018-05-30 09:49:44'),
(256, 397, 'Mumbai', 400, '2018-05-30 10:07:04'),
(257, 399, 'mumbai', 800, '2018-05-30 14:49:51'),
(258, 400, 'vasai', 200, '2018-05-31 04:35:17'),
(259, 401, 'mumbai', 400, '2018-05-31 13:59:49'),
(260, 402, 'Palava', 1300, '2018-05-31 14:01:37'),
(261, 403, 'vasai', 700, '2018-05-31 14:13:32'),
(262, 404, 'Santacruz', 400, '2018-05-31 14:34:11'),
(263, 405, 'delhi', 350, '2018-05-31 14:36:42'),
(264, 406, 'mumbai', 600, '2018-06-01 07:06:48'),
(266, 408, 'Gangakhed', 1050, '2018-06-01 07:20:51'),
(267, 409, 'Saki Naka', 1500, '2018-06-01 07:21:37'),
(268, 410, 'Santacruz', 700, '2018-06-01 07:23:30'),
(269, 411, 'sadadad', 400, '2018-06-01 07:24:35'),
(270, 412, 'edwed', 350, '2018-06-01 07:26:24'),
(271, 412, 'edwed', 350, '2018-06-01 07:29:52'),
(272, 413, 'mumbai', 350, '2018-06-01 07:30:24'),
(273, 414, 'hahaha', 4050, '2018-06-01 07:38:22'),
(274, 415, 'Dombivli', 3400, '2018-06-01 07:43:15'),
(275, 416, 'edwed', 1560, '2018-06-01 07:47:34'),
(276, 416, 'edwed', 1560, '2018-06-01 08:01:20'),
(277, 417, 'delhi', 400, '2018-06-01 08:01:34'),
(278, 417, 'delhi', 400, '2018-06-01 08:02:25'),
(279, 417, 'delhi', 400, '2018-06-01 08:04:00'),
(280, 417, 'mumbai', 400, '2018-06-01 08:04:29'),
(281, 418, 'fsafs', 375, '2018-06-01 08:07:05'),
(282, 419, 'Nagpur', 400, '2018-06-01 08:09:01'),
(283, 420, 'sdada', 400, '2018-06-01 08:13:01'),
(284, 421, 'allalalaala', 350, '2018-06-01 08:14:38'),
(285, 422, 'asda', 350, '2018-06-01 08:18:51'),
(286, 422, 'asda', 350, '2018-06-01 08:19:23'),
(287, 422, 'asda', 350, '2018-06-01 08:19:51'),
(288, 422, 'asda', 350, '2018-06-01 08:20:05'),
(289, 422, 'asda', 350, '2018-06-01 08:20:43'),
(290, 422, 'delhi', 350, '2018-06-01 08:21:14'),
(291, 423, 'mumbai', 800, '2018-06-01 09:33:53'),
(292, 424, 'fgd', 400, '2018-06-01 09:36:20'),
(293, 425, 'sadasd', 350, '2018-06-01 09:37:49'),
(294, 425, 'edwed', 350, '2018-06-01 09:38:17'),
(295, 425, 'edwed', 350, '2018-06-01 09:39:18'),
(296, 426, '123', 350, '2018-06-01 09:39:32'),
(297, 427, 'ghatkopar', 700, '2018-06-01 09:42:28'),
(298, 428, 'sddads', 400, '2018-06-01 09:54:02'),
(299, 429, 'kku', 350, '2018-06-01 10:00:35'),
(300, 430, 'mumbai', 350, '2018-06-01 10:01:46'),
(301, 431, 'delhi', 400, '2018-06-01 10:03:20'),
(302, 432, 'vasai', 400, '2018-06-01 10:12:30'),
(303, 433, 'delhi', 465, '2018-06-01 10:15:25'),
(304, 434, 'edwed', 950, '2018-06-01 10:16:54'),
(305, 435, 'delhi', 400, '2018-06-01 10:20:44'),
(306, 435, 'mumbai', 400, '2018-06-01 10:22:00'),
(307, 436, 'Gangakhed', 400, '2018-06-01 11:23:17'),
(308, 437, 'Gangakhed', 525, '2018-06-01 11:24:55'),
(309, 438, 'mumbai', 465, '2018-06-01 11:27:35'),
(310, 440, 'Santacruz', 1425, '2018-06-01 11:33:21'),
(320, 452, 'Vasai', 600, '2018-06-01 13:33:34'),
(321, 453, 'Vasai', 750, '2018-06-01 13:48:13'),
(322, 454, 'Andheri', 350, '2018-06-01 13:48:53'),
(323, 439, 'mumbai', 800, '2018-06-04 04:31:09'),
(324, 456, 'mumbai', 800, '2018-06-04 05:02:12');

-- --------------------------------------------------------

--
-- Table structure for table `role table`
--

CREATE TABLE `role table` (
  `rid` int(11) NOT NULL,
  `name` varchar(255) NOT NULL
) ENGINE=InnoDB DEFAULT CHARSET=latin1;

--
-- Dumping data for table `role table`
--

INSERT INTO `role table` (`rid`, `name`) VALUES
(1, 'admin'),
(2, 'user');

-- --------------------------------------------------------

--
-- Table structure for table `user`
--

CREATE TABLE `user` (
  `user_id` int(11) NOT NULL,
  `username` varchar(255) NOT NULL,
  `email` varchar(255) NOT NULL,
  `password` varchar(255) NOT NULL,
  `phonenum` bigint(12) NOT NULL,
  `rid` int(11) NOT NULL,
  `name` varchar(255) NOT NULL,
  `address` text NOT NULL
) ENGINE=InnoDB DEFAULT CHARSET=latin1;

--
-- Dumping data for table `user`
--

INSERT INTO `user` (`user_id`, `username`, `email`, `password`, `phonenum`, `rid`, `name`, `address`) VALUES
(32, '1234', 'kanva.saurabh@gmail.com', '1234', 1234, 2, 'saurabh', ''),
(75, 'saurabh.kanva', 'kanva.saurabh12@gmail.com', '12345', 9860, 2, 'The DaVinci Code', ''),
(83, '1010', '1010', '1010', 1010, 2, '1010', ''),
(86, '121', '121', '121', 121, 2, '121', ''),
(88, 'yogesh', 'yogesh.dhengle@gmail.com', 'yogesh', 9850, 2, 'Yogesh', ''),
(90, 'natya', 'natwar2244@gmail.com', 'natya', 727616, 2, 'Natwar', ''),
(91, 'sahil', 'sahil123@gmail.com', 'sahil123', 727685, 2, 'sahil', ''),
(104, 'sarang', 'deshpandesarang35@gmail.com', 'sarang123', 9860986802, 2, 'sarang', ''),
(106, 'saurabh', 'kanva.saurab', 'Saurabhk@10', 9860, 2, 'The DaVinci Code', ''),
(108, 'saurabh.kanva', 'kanva.saurabh1234@gmail.com', 'saurabhk@10', 9865000, 2, 'The DaVinci Code', ''),
(118, 'saurabh123', 'kanva.saurabh07@gmail.com', 'd35ef541d96e925de2e55894f9718943', 7276161679, 2, 'Saurabh kanva', 'mumbai'),
(120, 'avi', 'avinash@gmail.com', '1bfe5bbf619681e49cdc62d07badc4cb', 567890456, 2, 'Avinash', ''),
(121, 'admin', 'yogesh.dhengle@webaccessglobal.com', '0192023a7bbd73250516f069df18b500', 7276161679, 1, 'Admin', ''),
(122, 'srb36', 'shahin.raza@webaccessglobal.com', '89176875065bb2610f9df8a2bc8656d3', 85622623232, 2, 'Shahin Raza', ''),
(124, 'sahil', 'sahilw23@gmail.com', 'bf4c0cdcde9fb35d3733a680cd50230f', 7276161685, 2, 'Sahil Waikar', ''),
(128, 'aman', 'amansharma@gmail.com', 'ccdfe57efc107df49af2c6236137baa2', 9860123456, 2, 'Aman Sharma', ''),
(129, 'akshay', 'akshay@gmail.com', '50977d6b4d7d7b056427ae04b90b251d', 9802652356, 2, 'Akshay', ''),
(131, 'pooja', 'pooja@gmail.com', '1a18a62fefce6be4d60bdfdba5cb285e', 1111111111, 2, 'Pooja Chaudhari', ''),
(132, 'dignesh', 'dignesh.gujarathi@webaccessglobal.com', 'da1d7a3bb0b1a6d14dc69d3a1c43f1c2', 9890138149, 2, 'Dignesh', ''),
(133, 'saura', 'saurab.kanva@gmail.com', 'd35ef541d96e925de2e55894f9718943', 9860000000, 2, 'Saurab', ''),
(134, 'Saurabhk', 'saurabh.kanva@webaccessglobal.com', '45a1a7fe97b310bbe002af7dd07d6071', 7276161682, 2, 'Saurabh Kanva', 'Santacruz'),
(138, 'sarya123', 'deshpandesarang36@gmail.com', '267edcc4eaca575fcc9f7ccf8c662c0f', 9860727524, 2, 'sarang', 'Andheri');

--
-- Indexes for dumped tables
--

--
-- Indexes for table `books`
--
ALTER TABLE `books`
  ADD PRIMARY KEY (`book_id`);

--
-- Indexes for table `cart`
--
ALTER TABLE `cart`
  ADD PRIMARY KEY (`cart_id`),
  ADD KEY `user_id` (`user_id`);

--
-- Indexes for table `cart_data`
--
ALTER TABLE `cart_data`
  ADD KEY `cart_id` (`cart_id`);

--
-- Indexes for table `categories`
--
ALTER TABLE `categories`
  ADD PRIMARY KEY (`cat_id`);

--
-- Indexes for table `order_table`
--
ALTER TABLE `order_table`
  ADD PRIMARY KEY (`order_id`),
  ADD KEY `cart_id` (`cart_id`);

--
-- Indexes for table `user`
--
ALTER TABLE `user`
  ADD PRIMARY KEY (`user_id`),
  ADD UNIQUE KEY `email` (`email`);

--
-- AUTO_INCREMENT for dumped tables
--

--
-- AUTO_INCREMENT for table `books`
--
ALTER TABLE `books`
  MODIFY `book_id` int(11) NOT NULL AUTO_INCREMENT, AUTO_INCREMENT=34;
--
-- AUTO_INCREMENT for table `cart`
--
ALTER TABLE `cart`
  MODIFY `cart_id` int(11) NOT NULL AUTO_INCREMENT, AUTO_INCREMENT=458;
--
-- AUTO_INCREMENT for table `categories`
--
ALTER TABLE `categories`
  MODIFY `cat_id` int(11) NOT NULL AUTO_INCREMENT, AUTO_INCREMENT=30;
--
-- AUTO_INCREMENT for table `order_table`
--
ALTER TABLE `order_table`
  MODIFY `order_id` int(11) NOT NULL AUTO_INCREMENT, AUTO_INCREMENT=325;
--
-- AUTO_INCREMENT for table `user`
--
ALTER TABLE `user`
  MODIFY `user_id` int(11) NOT NULL AUTO_INCREMENT, AUTO_INCREMENT=139;
--
-- Constraints for dumped tables
--

--
-- Constraints for table `cart`
--
ALTER TABLE `cart`
  ADD CONSTRAINT `cart_ibfk_1` FOREIGN KEY (`user_id`) REFERENCES `user` (`user_id`);

--
-- Constraints for table `cart_data`
--
ALTER TABLE `cart_data`
  ADD CONSTRAINT `cart_data_ibfk_1` FOREIGN KEY (`cart_id`) REFERENCES `cart` (`cart_id`);

--
-- Constraints for table `order_table`
--
ALTER TABLE `order_table`
  ADD CONSTRAINT `order_table_ibfk_1` FOREIGN KEY (`cart_id`) REFERENCES `cart` (`cart_id`);

/*!40101 SET CHARACTER_SET_CLIENT=@OLD_CHARACTER_SET_CLIENT */;
/*!40101 SET CHARACTER_SET_RESULTS=@OLD_CHARACTER_SET_RESULTS */;
/*!40101 SET COLLATION_CONNECTION=@OLD_COLLATION_CONNECTION */;
